Question; Model; DB_Used; Search Method; Prompt; Response; Time Taken; Sources
explain the TCP  ;llama3.2;Transport_Mixed_Mxbai_chroma;semantic;You are a tutor for the course on Computer Networks at Pisa University. Your goal is to support the students during the lecture and to answer questions about the lecture by having a conversation with them. You can generate exercises for the students and correct their answers. You can only answer questions about the course. You should refuse to answer any content not part of the course. Always be friendly, and if you cannot answer a question, admit it. In summary, the tutor is a powerful system that can help with various tasks and provide valuable insight and information on various topics. Whether you need help with a specific question or just want to have a conversation about a particular topic, Tutor is here to help.;The Transmission Control Protocol (TCP) is a connection-oriented protocol that provides reliable data transfer. It establishes a connection with the server before data transfer begins, using a three-way handshake involving sequence numbers, acknowledgment numbers, and the SYN flag.  One of the key features of TCP is its ability to provide reliable data transfer through various mechanisms such as sequence numbers, timeouts/retransmissions, and the sliding windows algorithm. This ensures that data is delivered in the correct order and prevents data loss.  TCP is stream-oriented, meaning an application can write data in very small or very large amounts and the TCP layer will take care of packetization. Additionally, TCP transmits a stream of bytes, not messages or records.  The connection-oriented nature of TCP warrants further explanation.  Would you like me to elaborate on any specific aspect of TCP?;12.98;  Sources: - ID: page:data/Trasporto_Mixed/ComputerNetworks Doral TCP&UDP copy.pdf:53, chunck:5 - ID: page:data/Transport_Mixed_Mxbai/ComputerNetworks Doral TCP&UDP copy.pdf:53, chunck:5 - ID: page:data/Trasporto_Mixed/ComputerNetworks Doral TCP&UDP copy.pdf:32, chunck:2 - ID: page:data/Transport_Mixed_Mxbai/ComputerNetworks Doral TCP&UDP copy.pdf:32, chunck:2 - ID: page:data/Transport_Mixed_Mxbai/ComputerNetworks Doral TCP&UDP copy.pdf:57, chunck:0 - ID: page:data/Trasporto_Mixed/ComputerNetworks Doral TCP&UDP copy.pdf:57, chunck:0 - ID: page:data/Trasporto_Mixed/ComputerNetworks Doral TCP&UDP copy.pdf:125, chunck:2 - ID: page:data/Transport_Mixed_Mxbai/ComputerNetworks Doral TCP&UDP copy.pdf:125, chunck:2 - ID: page:data/Trasporto_Mixed/ComputerNetworks Doral TCP&UDP copy.pdf:32, chunck:0 - ID: page:data/Transport_Mixed_Mxbai/ComputerNetworks Doral TCP&UDP copy.pdf:32, chunck:0 
explain the UDP;llama3.2;Transport_Mixed_Mxbai_chroma;semantic;You are a tutor for the course on Computer Networks at Pisa University. Your goal is to support the students during the lecture and to answer questions about the lecture by having a conversation with them. You can generate exercises for the students and correct their answers. You can only answer questions about the course. You should refuse to answer any content not part of the course. Always be friendly, and if you cannot answer a question, admit it. In summary, the tutor is a powerful system that can help with various tasks and provide valuable insight and information on various topics. Whether you need help with a specific question or just want to have a conversation about a particular topic, Tutor is here to help.;"The User Datagram Protocol (UDP) is a ""no-frills"", ""bare bones"" Internet transport protocol that provides best-effort delivery of packets. This means that there's no guarantee that packets will be delivered or in order.  The key characteristics of UDP include:  * No connection establishment phase, which can add RTT delay * Simple: no connection state at sender and receiver * Small header size * No congestion control * UDP can ""blast away"" as fast as desired! * Can function in the face of congestion  These features make UDP suitable for applications that require fast and efficient transmission, but may not need reliable or guaranteed delivery.";10.95;  Sources: - ID: page:data/Transport_Mixed_Mxbai/ComputerNetworks Doral TCP&UDP copy.pdf:13, chunck:3 - ID: page:data/Trasporto_Mixed/ComputerNetworks Doral TCP&UDP copy.pdf:13, chunck:3 - ID: page:data/Transport_Mixed_Mxbai/ComputerNetworks Doral TCP&UDP copy.pdf:15, chunck:2 - ID: page:data/Trasporto_Mixed/ComputerNetworks Doral TCP&UDP copy.pdf:15, chunck:2 - ID: page:data/Transport_Mixed_Mxbai/Kurose Capitolo 3.3.pdf:1, chunck:0 - ID: page:data/Trasporto_Mixed/Kurose Capitolo 3.3.pdf:1, chunck:0 - ID: page:data/Trasporto_Mixed/Kurose Capitolo 3.3.pdf:15, chunck:0 - ID: page:data/Transport_Mixed_Mxbai/Kurose Capitolo 3.3.pdf:15, chunck:0 - ID: page:data/Transport_Mixed_Mxbai/Kurose Capitolo 3.3.pdf:3, chunck:0 - ID: page:data/Trasporto_Mixed/Kurose Capitolo 3.3.pdf:3, chunck:0 
Describe the main differences between the TCP and UDP transport protocols, including appropriate examples of their use. ;qwen2.5:3b;Transport_Mixed_Mxbai_chroma;keyword;You are a tutor for the course on Computer Networks at Pisa University. Your goal is to support the students during the lecture and to answer questions about the lecture by having a conversation with them. You can generate exercises for the students and correct their answers. You can only answer questions about the course. You should refuse to answer any content not part of the course. Always be friendly, and if you cannot answer a question, admit it. In summary, the tutor is a powerful system that can help with various tasks and provide valuable insight and information on various topics. Whether you need help with a specific question or just want to have a conversation about a particular topic, Tutor is here to help.;Sure! Let's focus on the key differences between the TCP and UDP transport protocols:  **TCP (Transmission Control Protocol)**: - **Connection-Oriented**: Connections are established before data is sent. This ensures that all packets in a session arrive in order. - **Reliable Delivery**: TCP uses sequence numbers to ensure that packets are delivered in the correct order, even if retransmissions occur due to network issues. - **Flow Control and Congestion Control**: These mechanisms help manage network congestion by limiting data transmission rates based on available bandwidth. - **Sliding Window Protocol**: This protocol manages multiple in-flight segments, allowing for efficient packet delivery. In a sliding window system, the receiver sends an acknowledgment (ACK) only if all expected packets have been received, otherwise, it waits until new packets can be sent.  **Examples of TCP Usage**: 1. Web Browsing: When you browse web pages over HTTP, the underlying transport layer is TCP. 2. Remote Desktop: Applications like Remote Desktop Protocol use TCP for reliable data transmission between a client and server. 3. Email Sending/Receiving: SMTP (Simple Mail Transfer Protocol), used to send emails across networks, relies on TCP for establishing connections.  **UDP (User Datagram Protocol)**: - **Connectionless**: Data packets are sent without the need to establish or maintain a connection before sending data. This makes it faster and more lightweight than TCP. - **No Flow Control and Reliability Guarantees**: UDP does not offer flow control, congestion control, or reliability checks. It is suitable for applications where high speed is critical but may tolerate packet loss in certain scenarios. - **Application-Layer Security**: As no transport layer provides security guarantees (e.g., encryption), application-layer protocols like SSL/TLS must be used if there's a need for data privacy and integrity.  **Examples of UDP Usage**: 1. Real-time Streaming: Applications that require low latency, such as video streaming services. 2. Broadcasting and Multicasting: Systems like IPTV and online gaming use broadcast channels to send streams to multiple devices simultaneously without the need for individual connections per device. 3. DNS Resolution: The User Datagram Protocol is used by Domain Name System (DNS) servers for quick resolution of domain names into IP addresses.  These differences are significant, particularly in environments where high-speed data transfer is critical versus scenarios where reliable delivery and flow control are necessary.;37.7;  Sources: - ID: page:data/Trasporto_Mixed/Bonaventure Transport Layer Cap. 4.pdf:47, chunck:0 - ID: page:data/Transport_Mixed_Mxbai/Bonaventure Transport Layer Cap. 4.pdf:47, chunck:0 - ID: page:data/Trasporto_Mixed/ComputerNetworks Doral TCP&UDP copy.pdf:181, chunck:0 - ID: page:data/Transport_Mixed_Mxbai/ComputerNetworks Doral TCP&UDP copy.pdf:181, chunck:0 - ID: page:data/Trasporto_Mixed/Bonaventure Transport Layer Cap. 4.pdf:22, chunck:2 - ID: page:data/Transport_Mixed_Mxbai/Bonaventure Transport Layer Cap. 4.pdf:22, chunck:2 - ID: page:data/Trasporto_Mixed/ComputerNetworks Doral TCP&UDP copy.pdf:32, chunck:0 - ID: page:data/Transport_Mixed_Mxbai/ComputerNetworks Doral TCP&UDP copy.pdf:32, chunck:0 - ID: page:data/Trasporto_Mixed/Bonaventure Transport Layer Cap. 4.pdf:57, chunck:4 - ID: page:data/Transport_Mixed_Mxbai/Bonaventure Transport Layer Cap. 4.pdf:57, chunck:4 
Describe, in a few lines the main differences between the TCP and UDP transport protocols.;llama3.2;Transport_Mixed_Mxbai_chroma;keyword;You are a tutor for the course on Computer Networks at Pisa University. Your goal is to support the students during the lecture and to answer questions about the lecture by having a conversation with them. You can generate exercises for the students and correct their answers. You can only answer questions about the course. You should refuse to answer any content not part of the course. Always be friendly, and if you cannot answer a question, admit it. In summary, the tutor is a powerful system that can help with various tasks and provide valuable insight and information on various topics. Whether you need help with a specific question or just want to have a conversation about a particular topic, Tutor is here to help.;According to the provided context, the main differences between TCP and UDP are:  * TCP is a connection-oriented protocol that guarantees delivery of data packets, while UDP is connectionless and does not guarantee delivery. * TCP is designed for bulk data transfer and has a larger maximum window size, whereas UDP is better suited for real-time applications and has a smaller maximum packet size.  These differences suggest that TCP is more reliable but also slower, while UDP is faster but less reliable.;29.45;  Sources: - ID: page:data/Trasporto_Mixed/Bonaventure Transport Layer Cap. 4.pdf:0, chunck:2 - ID: page:data/Transport_Mixed_Mxbai/Bonaventure Transport Layer Cap. 4.pdf:0, chunck:2 - ID: page:data/Trasporto_Mixed/ComputerNetworks Doral TCP&UDP copy.pdf:181, chunck:0 - ID: page:data/Transport_Mixed_Mxbai/ComputerNetworks Doral TCP&UDP copy.pdf:181, chunck:0 - ID: page:data/Trasporto_Mixed/Bonaventure Transport Layer Cap. 4.pdf:47, chunck:0 - ID: page:data/Transport_Mixed_Mxbai/Bonaventure Transport Layer Cap. 4.pdf:47, chunck:0 - ID: page:data/Trasporto_Mixed/Bonaventure Transport Layer Cap. 4.pdf:32, chunck:0 - ID: page:data/Transport_Mixed_Mxbai/Bonaventure Transport Layer Cap. 4.pdf:32, chunck:0 - ID: page:data/Trasporto_Mixed/ComputerNetworks Doral TCP&UDP copy.pdf:126, chunck:0 - ID: page:data/Transport_Mixed_Mxbai/ComputerNetworks Doral TCP&UDP copy.pdf:126, chunck:0 
Describe, in a few lines, the main differences between the TCP and UDP transport protocols.;qwen2.5:3b;Transport_Mixed_Mxbai_chroma;keyword;You are a tutor for the course on Computer Networks at Pisa University. Your goal is to support the students during the lecture and to answer questions about the lecture by having a conversation with them. You can generate exercises for the students and correct their answers. You can only answer questions about the course. You should refuse to answer any content not part of the course. Always be friendly, and if you cannot answer a question, admit it. In summary, the tutor is a powerful system that can help with various tasks and provide valuable insight and information on various topics. Whether you need help with a specific question or just want to have a conversation about a particular topic, Tutor is here to help.;TCP (Transmission Control Protocol) and UDP (User Datagram Protocol) are both used for transporting data over networks but they differ significantly in terms of reliability, order of delivery, and features. TCP is a connection-oriented protocol that ensures reliable and ordered delivery of messages by acknowledging receipt from the receiver before sending the next message. It also provides mechanisms to detect errors and resends lost packets. In contrast, UDP is a simple, unreliable transport protocol where data packets are sent without establishing a connection first. UDP does not guarantee order or delivery, it only promises that packets will be sent in the order they were received but might lose some packets or deliver them out of sequence. TCP ensures reliability and correctness at the cost of increased overhead, whereas UDP is faster and more efficient for latency-sensitive applications where data loss can be tolerated.;14.05;  Sources: - ID: page:data/Trasporto_Mixed/Bonaventure Transport Layer Cap. 4.pdf:0, chunck:2 - ID: page:data/Transport_Mixed_Mxbai/Bonaventure Transport Layer Cap. 4.pdf:0, chunck:2 - ID: page:data/Trasporto_Mixed/ComputerNetworks Doral TCP&UDP copy.pdf:181, chunck:0 - ID: page:data/Transport_Mixed_Mxbai/ComputerNetworks Doral TCP&UDP copy.pdf:181, chunck:0 
Describe, in a few lines, the main differences between the TCP and UDP transport protocols. ;qwen2.5:3b;Transport_Qwen_8b_chroma;keyword + semantic;You are a tutor for the course on Computer Networks at Pisa University. Your goal is to support the students during the lecture and to answer questions about the lecture by having a conversation with them. You can generate exercises for the students and correct their answers. You can only answer questions about the course. You should refuse to answer any content not part of the course. Always be friendly, and if you cannot answer a question, admit it. In summary, the tutor is a powerful system that can help with various tasks and provide valuable insight and information on various topics. Whether you need help with a specific question or just want to have a conversation about a particular topic, Tutor is here to help.;TCP (Transmission Control Protocol) is designed for reliable, ordered data delivery with mechanisms to detect and correct errors. It establishes a connection before any data transfer and uses sequence numbers for message integrity. In contrast, UDP (User Datagram Protocol) provides an unreliable service where packets are sent without establishing a connection first. TCP ensures the reliability of data transmission but comes at the cost of increased overhead. UDP is simpler and faster, suitable for applications that can tolerate packet loss or out-of-order delivery, such as video streaming over the internet.;18.98;  Sources: - ID: page:data/Transport_Qwen_8b/Bonaventure Transport Layer Cap. 4.pdf:0, chunck:2 - ID: page:data/Transport_Qwen_8b/ComputerNetworks Doral TCP&UDP copy.pdf:32, chunck:0 - ID: page:data/Transport_Qwen_8b/Bonaventure Transport Layer Cap. 4.pdf:20, chunck:0 - ID: page:data/Transport_Qwen_8b/ComputerNetworks Doral TCP&UDP copy.pdf:0, chunck:0 - ID: page:data/Transport_Qwen_8b/Bonaventure Transport Layer Cap. 4.pdf:22, chunck:2 - ID: page:data/Transport_Qwen_8b/ComputerNetworks Doral TCP&UDP copy.pdf:53, chunck:5 - ID: page:data/Transport_Qwen_8b/Bonaventure Transport Layer Cap. 4.pdf:21, chunck:1 - ID: page:data/Transport_Qwen_8b/Kurose Capitolo 3.8.pdf:1, chunck:0 - ID: page:data/Transport_Qwen_8b/Bonaventure Transport Layer Cap. 4.pdf:47, chunck:0 - ID: page:data/Transport_Qwen_8b/ComputerNetworks Doral TCP&UDP copy.pdf:27, chunck:1 
What is segmentation (or message chunking), and why is it performed at the Transport Layer before handing data off to the Network Layer?;qwen2.5:3b;Transport_Qwen_8b_chroma;keyword;You are a tutor for the course on Computer Networks at Pisa University. Your goal is to support the students during the lecture and to answer questions about the lecture by having a conversation with them. You can generate exercises for the students and correct their answers. You can only answer questions about the course. You should refuse to answer any content not part of the course. Always be friendly, and if you cannot answer a question, admit it. In summary, the tutor is a powerful system that can help with various tasks and provide valuable insight and information on various topics. Whether you need help with a specific question or just want to have a conversation about a particular topic, Tutor is here to help.;Segmentation, or message chunking, refers to breaking down larger messages into smaller, more manageable parts called segments. This process allows for efficient handling of data over a network where each segment can be transmitted independently through the various layers and networks.  At the Transport Layer, segmentation is performed before handing data off to the Network Layer for several reasons:  1. **Addressing and Routing**: The Network Layer typically uses IP addresses to deliver packets between different subnets or devices across potentially many routers. Smaller segments reduce the number of address changes needed as they travel through these networks.  2. **Error Detection and Correction**: Larger messages can be more susceptible to errors during transmission, which might require retransmission if not delivered correctly. Segmentation allows for error detection at a smaller scale per segment rather than a whole message, potentially saving bandwidth and reducing the chances of needing retransmissions.  3. **Resource Efficiency**: By splitting data into segments, the Transport Layer can manage resources more effectively. For instance, it can limit the size of packets to match maximum transmission units (MTUs), which helps optimize network performance.  4. **Control Information Management**: Segmentation enables easier handling and management of control information such as TCP sequence numbers and acknowledgments within smaller segment boundaries. This is crucial for maintaining data integrity during transmission.  5. **Bandwidth Efficiency**: Smaller segments can be more efficiently transmitted through the available bandwidth, leading to better overall throughput and utilization of network resources.  In summary, segmentation performed at the Transport Layer before handing data off to the Network Layer helps in addressing routing requirements, improving error detection and correction efficiency, enhancing resource management, facilitating control information handling, and optimizing bandwidth usage.;35.47;  Sources: - ID: page:data/Transport_Qwen_8b/ComputerNetworks Doral TCP&UDP copy.pdf:1, chunck:0 - ID: page:data/Transport_Qwen_8b/ComputerNetworks Doral TCP&UDP copy.pdf:41, chunck:0 - ID: page:data/Transport_Qwen_8b/Bonaventure Transport Layer Cap. 4.pdf:16, chunck:1 - ID: page:data/Transport_Qwen_8b/Bonaventure Transport Layer Cap. 4.pdf:14, chunck:0 - ID: page:data/Transport_Qwen_8b/Bonaventure Transport Layer Cap. 4.pdf:20, chunck:1 - ID: page:data/Transport_Qwen_8b/Bonaventure Transport Layer Cap. 4.pdf:1, chunck:1 - ID: page:data/Transport_Qwen_8b/ComputerNetworks Doral TCP&UDP copy.pdf:6, chunck:0 - ID: page:data/Transport_Qwen_8b/Bonaventure Transport Layer Cap. 4.pdf:0, chunck:0 - ID: page:data/Transport_Qwen_8b/ComputerNetworks Doral TCP&UDP copy.pdf:46, chunck:1 - ID: page:data/Transport_Qwen_8b/Bonaventure Transport Layer Cap. 4.pdf:25, chunck:0 
Define and explain the function of the Sliding Window Protocol in TCP. How does it contribute to both flow control and reliable transmission?;cogito:3b;Transport_Mixed_Mxbai_chroma;keyword;You are a tutor for the course on Computer Networks at Pisa University. Your goal is to support the students during the lecture and to answer questions about the lecture by having a conversation with them. You can generate exercises for the students and correct their answers. You can only answer questions about the course. You should refuse to answer any content not part of the course. Always be friendly, and if you cannot answer a question, admit it. In summary, the tutor is a powerful system that can help with various tasks and provide valuable insight and information on various topics. Whether you need help with a specific question or just want to have a conversation about a particular topic, Tutor is here to help.;The Sliding Window Protocol (SWP) is a fundamental component of TCP that enables efficient data transmission by managing a buffer of unsent data at each end of the connection.  How it works: Each segment sent over the network includes sequence numbers from an initial sequence number. The receiver maintains a window of up to (n*2) segments (where n is the number of bits in the window field). As the sender transmits segments, they overlap with each other until they are no longer overlapping with previously sent segments.  Contribution to flow control: - By keeping track of which segments have already been acknowledged by the receiver, the sender can avoid sending duplicate data or unnecessary data. - When a new segment is being transmitted, it doesn't interfere with previously sent segments that overlap in the window. - The sliding window allows for dynamic adjustment of transmission rates without requiring explicit flow control mechanisms.  Contribution to reliable transmission: - The window size (controlled by cwnd) ensures that duplicate acknowledgments don't cause unnecessary retransmissions. - When a segment is lost, the receiver can send an ACK for all previously acknowledged segments before acknowledging the lost one. This prevents multiple ACKs for the same segment. - The sliding window protocol's ability to adapt to network conditions allows TCP to maintain flow control without sacrificing reliability.  This protocol effectively combines efficient data transmission with reliable message delivery by allowing overlapping of sent segments while ensuring that no duplicate data is transmitted and that all received data is correctly acknowledged.;35.38;  Sources: - ID: page:data/Trasporto_Mixed/Bonaventure Transport Layer Cap. 4.pdf:47, chunck:0 - ID: page:data/Transport_Mixed_Mxbai/Bonaventure Transport Layer Cap. 4.pdf:47, chunck:0 - ID: page:data/Trasporto_Mixed/ComputerNetworks Doral TCP&UDP copy.pdf:171, chunck:0 - ID: page:data/Transport_Mixed_Mxbai/ComputerNetworks Doral TCP&UDP copy.pdf:171, chunck:0 - ID: page:data/Trasporto_Mixed/Bonaventure Transport Layer Cap. 4.pdf:15, chunck:1 - ID: page:data/Transport_Mixed_Mxbai/Bonaventure Transport Layer Cap. 4.pdf:15, chunck:1 - ID: page:data/Trasporto_Mixed/Bonaventure Transport Layer Cap. 4.pdf:23, chunck:3 - ID: page:data/Transport_Mixed_Mxbai/Bonaventure Transport Layer Cap. 4.pdf:23, chunck:3 - ID: page:data/Trasporto_Mixed/Bonaventure Transport Layer Cap. 4.pdf:49, chunck:5 - ID: page:data/Transport_Mixed_Mxbai/Bonaventure Transport Layer Cap. 4.pdf:49, chunck:5 
In the context of TCP, describe the purpose and steps of the three-way handshake.;cogito:3b;Transport_Mixed_Mxbai_chroma;keyword;You are a tutor for the course on Computer Networks at Pisa University. Your goal is to support the students during the lecture and to answer questions about the lecture by having a conversation with them. You can generate exercises for the students and correct their answers. You can only answer questions about the course. You should refuse to answer any content not part of the course. Always be friendly, and if you cannot answer a question, admit it. In summary, the tutor is a powerful system that can help with various tasks and provide valuable insight and information on various topics. Whether you need help with a specific question or just want to have a conversation about a particular topic, Tutor is here to help.;The three-way handshake is part of the TCP connection setup process. Its main purpose is to establish a reliable communication channel between two devices (A and B) over the network.  Here are the steps:  1. When A initiates a connection:    • A's application calls sshutdown(), promising not to send more data    • A sends FIN packet to B  2. When B receives A's FIN packet:    • B generates an ACK packet for A's FIN    • This acknowledges that A closed the connection and frees up resources on B's side  3. In some cases, if B is ready to close immediately:    • B can combine its own FIN with A's ACK    • Both FIN and ACK are sent together in one packet  4. After receiving either A's FIN or a combined FIN+ACK from B:    • If the connection was bidirectional (A and B were both active):      - The other side sends an echoed FIN      - Both sides enter a draining state for three RTTs to ensure any lost final ACKs are handled  The three-way handshake ensures that both devices have confirmed receipt of the FIN packet, allowing them to proceed with their connection establishment or closure.;38.98;  Sources: - ID: page:data/Trasporto_Mixed/Bonaventure Transport Layer Cap. 4.pdf:23, chunck:3 - ID: page:data/Transport_Mixed_Mxbai/Bonaventure Transport Layer Cap. 4.pdf:23, chunck:3 - ID: page:data/Trasporto_Mixed/ComputerNetworks Doral TCP&UDP copy.pdf:27, chunck:1 - ID: page:data/Transport_Mixed_Mxbai/ComputerNetworks Doral TCP&UDP copy.pdf:27, chunck:1 - ID: page:data/Trasporto_Mixed/ComputerNetworks Doral TCP&UDP copy.pdf:65, chunck:2 - ID: page:data/Transport_Mixed_Mxbai/ComputerNetworks Doral TCP&UDP copy.pdf:65, chunck:2 - ID: page:data/Trasporto_Mixed/ComputerNetworks Doral TCP&UDP copy.pdf:51, chunck:0 - ID: page:data/Transport_Mixed_Mxbai/ComputerNetworks Doral TCP&UDP copy.pdf:51, chunck:0 - ID: page:data/Trasporto_Mixed/ComputerNetworks Doral TCP&UDP copy.pdf:79, chunck:2 - ID: page:data/Transport_Mixed_Mxbai/ComputerNetworks Doral TCP&UDP copy.pdf:79, chunck:2 
Give two examples of network applications that typically use TCP and two examples of applications that typically use UDP, justifying the choice of protocol for each.;cogito:3b;Transport_Mixed_Mxbai_chroma;keyword;You are a tutor for the course on Computer Networks at Pisa University. Your goal is to support the students during the lecture and to answer questions about the lecture by having a conversation with them. You can generate exercises for the students and correct their answers. You can only answer questions about the course. You should refuse to answer any content not part of the course. Always be friendly, and if you cannot answer a question, admit it. In summary, the tutor is a powerful system that can help with various tasks and provide valuable insight and information on various topics. Whether you need help with a specific question or just want to have a conversation about a particular topic, Tutor is here to help.;"Based on the provided context:  TCP Applications: 1. Remote Procedure Call (RPC) - used within a local LAN environment where request-reply semantics are needed without the overhead of connection setup/teardown. For instance, when both endpoints are likely to be on the same network and packet losses are negligible.  2. DNS - uses UDP primarily for this reason. When there's any chance that multiple request-reply operations might need to occur in short order (like frequent queries), TCP would provide a better choice despite its overhead from connection setup/teardown.  UDP Applications: 1. Local LAN Transport - as mentioned, UDP is popular for ""local"" transport confined to one LAN where queue overflows at the receiving host are not a significant concern and simple mechanisms like timeouts can suffice.  2. Request-Reply Protocols (beyond RPC) - such as when sending a message to get a reply back, especially on local networks. For instance, DNS queries benefit from UDP's simplicity rather than TCP's overhead.  Note: These examples are justified based on the specific context provided and the considerations for packet loss, connection overhead, and network constraints mentioned in the passages.";41.93;  Sources: - ID: page:data/Trasporto_Mixed/ComputerNetworks Doral TCP&UDP copy.pdf:3, chunck:0 - ID: page:data/Transport_Mixed_Mxbai/ComputerNetworks Doral TCP&UDP copy.pdf:3, chunck:0 - ID: page:data/Trasporto_Mixed/Bonaventure Transport Layer Cap. 4.pdf:22, chunck:1 - ID: page:data/Transport_Mixed_Mxbai/Bonaventure Transport Layer Cap. 4.pdf:22, chunck:1 - ID: page:data/Trasporto_Mixed/ComputerNetworks Doral TCP&UDP copy.pdf:22, chunck:1 - ID: page:data/Transport_Mixed_Mxbai/ComputerNetworks Doral TCP&UDP copy.pdf:22, chunck:1 - ID: page:data/Trasporto_Mixed/ComputerNetworks Doral TCP&UDP copy.pdf:1, chunck:0 - ID: page:data/Transport_Mixed_Mxbai/ComputerNetworks Doral TCP&UDP copy.pdf:1, chunck:0 - ID: page:data/Trasporto_Mixed/ComputerNetworks Doral TCP&UDP copy.pdf:6, chunck:0 - ID: page:data/Transport_Mixed_Mxbai/ComputerNetworks Doral TCP&UDP copy.pdf:6, chunck:0 
How does Delayed ACK (Delayed Acknowledgement) work in TCP, and how does it aim to improve network efficiency?;cogito:3b;Transport_Mixed_Mxbai_chroma;keyword;You are a tutor for the course on Computer Networks at Pisa University. Your goal is to support the students during the lecture and to answer questions about the lecture by having a conversation with them. You can generate exercises for the students and correct their answers. You can only answer questions about the course. You should refuse to answer any content not part of the course. Always be friendly, and if you cannot answer a question, admit it. In summary, the tutor is a powerful system that can help with various tasks and provide valuable insight and information on various topics. Whether you need help with a specific question or just want to have a conversation about a particular topic, Tutor is here to help.;Based on the provided context, Delayed ACK (Delayed Acknowledgement) works by delaying the generation of ACK packets until a certain amount of data has been received or sent. Instead of sending an ACK immediately after each packet, TCP waits for a threshold number of packets to ensure that the sender has enough information to continue sending data.  The aim of Delayed ACK is to improve network efficiency in several ways:  1. Reducing network traffic: By delaying ACKs, fewer packets need to be sent across the network. 2. Optimizing buffer space usage: When sending data, TCP can allocate its buffer space more efficiently before receiving an ACK. 3. Avoiding unnecessary overhead: Delayed ACK reduces the constant exchange of ACK/ACK pairs between sender and receiver.  However, it's worth noting that while Delayed ACK improves network efficiency by reducing traffic, it may also lead to slightly longer delay times in some scenarios due to buffering delays at the receiver side.  The context doesn't provide specific details about how Delayed ACK works within TCP, but rather discusses its general benefits for improving network efficiency.;38.26;  Sources: - ID: page:data/Trasporto_Mixed/Bonaventure Transport Layer Cap. 4.pdf:47, chunck:0 - ID: page:data/Transport_Mixed_Mxbai/Bonaventure Transport Layer Cap. 4.pdf:47, chunck:0 - ID: page:data/Trasporto_Mixed/ComputerNetworks Doral TCP&UDP copy.pdf:82, chunck:0 - ID: page:data/Transport_Mixed_Mxbai/ComputerNetworks Doral TCP&UDP copy.pdf:82, chunck:0 - ID: page:data/Trasporto_Mixed/ComputerNetworks Doral TCP&UDP copy.pdf:51, chunck:0 - ID: page:data/Transport_Mixed_Mxbai/ComputerNetworks Doral TCP&UDP copy.pdf:51, chunck:0 - ID: page:data/Trasporto_Mixed/ComputerNetworks Doral TCP&UDP copy.pdf:181, chunck:0 - ID: page:data/Transport_Mixed_Mxbai/ComputerNetworks Doral TCP&UDP copy.pdf:181, chunck:0 - ID: page:data/Trasporto_Mixed/ComputerNetworks Doral TCP&UDP copy.pdf:167, chunck:3 - ID: page:data/Transport_Mixed_Mxbai/ComputerNetworks Doral TCP&UDP copy.pdf:167, chunck:3 
In a high-latency network environment, which transport protocol (TCP or UDP) is generally preferred for real-time applications like VoIP (Voice over IP) or live gaming, and why?;cogito:3b;Transport_Mixed_Gemma_chroma;semantic;You are a tutor for the course on Computer Networks at Pisa University. Your goal is to support the students during the lecture and to answer questions about the lecture by having a conversation with them. You can generate exercises for the students and correct their answers. You can only answer questions about the course. You should refuse to answer any content not part of the course. Always be friendly, and if you cannot answer a question, admit it. In summary, the tutor is a powerful system that can help with various tasks and provide valuable insight and information on various topics. Whether you need help with a specific question or just want to have a conversation about a particular topic, Tutor is here to help.;"Based on the provided course material, UDP is generally preferred over TCP for real-time applications in high-latency networks. This preference is justified by several key factors:  1. Loss Tolerance: While both protocols can handle packet losses, UDP's ""best-effort"" service allows applications to simply ignore lost packets without retransmission overhead. In contrast, TCP's reliability mechanisms involve timeouts and retransmissions.  2. Local Area Network (LAN) Transport: The context explicitly mentions that UDP is well-suited for local area networks where simpler mechanisms like timeout and retransmission can suffice. For example, RPC protocols often use UDP in LAN environments.  3. Interactive Applications: Real-time applications like live gaming require frequent small messages exchanged between the player and server. UDP's simplicity and lack of connection overhead make it ideal for these types of interactions.  4. Voice over IP (VoIP): The material specifically mentions that VoIP telephone calls commonly use RTP built on top of UDP, demonstrating its suitability for real-time communication in high-latency networks.  The choice of UDP over TCP is primarily driven by the need to minimize delay and handle packet losses effectively within the constraints of a high-latency network environment.";29.28;  Sources: - ID: page:data/Transport_Mixed_Gemma/ComputerNetworks Doral TCP&UDP copy.pdf:1, chunck:1 - ID: page:data/Transport_Mixed_Gemma/Bonaventure Transport Layer Cap. 4.pdf:22, chunck:0 - ID: page:data/Transport_Mixed_Gemma/ComputerNetworks Doral TCP&UDP copy.pdf:0, chunck:0 - ID: page:data/Transport_Mixed_Gemma/ComputerNetworks Doral TCP&UDP copy.pdf:1, chunck:0 - ID: page:data/Transport_Mixed_Gemma/ComputerNetworks Doral TCP&UDP copy.pdf:32, chunck:0 - ID: page:data/Transport_Mixed_Gemma/ComputerNetworks Doral TCP&UDP copy.pdf:137, chunck:2 - ID: page:data/Transport_Mixed_Gemma/Kurose Capitolo 3.3.pdf:1, chunck:0 
